Fund Name,P1,P2,P3,P4,P5,Topsis Score,Rank
M1,0.67,0.45,6.5,42.6,12.56,0.22461913555224955,8
M2,0.6,0.36,3.6,53.3,14.47,0.4937159488699315,4
M3,0.79,0.61,6.4,63.1,17.84,0.6346798405006243,1
M4,0.6,0.36,3.6,69.2,18.42,0.6168719050245479,2
M5,0.76,0.58,6.8,43.0,12.22,0.3759641579915357,6
M6,0.66,0.48,6.6,38.7,14.12,0.25718057797041133,7
M7,0.75,0.62,6.8,59.2,16.35,0.5588698975115854,3
M8,0.73,0.56,7.3,48.9,15.05,0.39973746087450945,5
